--
-- PostgreSQL database dump
--

-- Dumped from database version 10.5
-- Dumped by pg_dump version 10.5

SET statement_timeout = 0;
SET lock_timeout = 0;
SET idle_in_transaction_session_timeout = 0;
SET client_encoding = 'UTF8';
SET standard_conforming_strings = on;
SELECT pg_catalog.set_config('search_path', '', false);
SET check_function_bodies = false;
SET client_min_messages = warning;
SET row_security = off;

--
-- Name: plpgsql; Type: EXTENSION; Schema: -; Owner: 
--

CREATE EXTENSION IF NOT EXISTS plpgsql WITH SCHEMA pg_catalog;


--
-- Name: EXTENSION plpgsql; Type: COMMENT; Schema: -; Owner: 
--

COMMENT ON EXTENSION plpgsql IS 'PL/pgSQL procedural language';


SET default_tablespace = '';

SET default_with_oids = false;

--
-- Name: activities; Type: TABLE; Schema: public; Owner: susanazamora
--

CREATE TABLE public.activities (
    id bigint NOT NULL,
    name character varying,
    created_at timestamp without time zone NOT NULL,
    updated_at timestamp without time zone NOT NULL
);


ALTER TABLE public.activities OWNER TO susanazamora;

--
-- Name: activities_id_seq; Type: SEQUENCE; Schema: public; Owner: susanazamora
--

CREATE SEQUENCE public.activities_id_seq
    START WITH 1
    INCREMENT BY 1
    NO MINVALUE
    NO MAXVALUE
    CACHE 1;


ALTER TABLE public.activities_id_seq OWNER TO susanazamora;

--
-- Name: activities_id_seq; Type: SEQUENCE OWNED BY; Schema: public; Owner: susanazamora
--

ALTER SEQUENCE public.activities_id_seq OWNED BY public.activities.id;


--
-- Name: ar_internal_metadata; Type: TABLE; Schema: public; Owner: susanazamora
--

CREATE TABLE public.ar_internal_metadata (
    key character varying NOT NULL,
    value character varying,
    created_at timestamp without time zone NOT NULL,
    updated_at timestamp without time zone NOT NULL
);


ALTER TABLE public.ar_internal_metadata OWNER TO susanazamora;

--
-- Name: meanings; Type: TABLE; Schema: public; Owner: susanazamora
--

CREATE TABLE public.meanings (
    id bigint NOT NULL,
    meaning character varying,
    created_at timestamp without time zone NOT NULL,
    updated_at timestamp without time zone NOT NULL,
    word_id bigint
);


ALTER TABLE public.meanings OWNER TO susanazamora;

--
-- Name: meanings_id_seq; Type: SEQUENCE; Schema: public; Owner: susanazamora
--

CREATE SEQUENCE public.meanings_id_seq
    START WITH 1
    INCREMENT BY 1
    NO MINVALUE
    NO MAXVALUE
    CACHE 1;


ALTER TABLE public.meanings_id_seq OWNER TO susanazamora;

--
-- Name: meanings_id_seq; Type: SEQUENCE OWNED BY; Schema: public; Owner: susanazamora
--

ALTER SEQUENCE public.meanings_id_seq OWNED BY public.meanings.id;


--
-- Name: pinyins; Type: TABLE; Schema: public; Owner: susanazamora
--

CREATE TABLE public.pinyins (
    id bigint NOT NULL,
    pinyin character varying,
    word_id bigint,
    created_at timestamp without time zone NOT NULL,
    updated_at timestamp without time zone NOT NULL
);


ALTER TABLE public.pinyins OWNER TO susanazamora;

--
-- Name: pinyins_id_seq; Type: SEQUENCE; Schema: public; Owner: susanazamora
--

CREATE SEQUENCE public.pinyins_id_seq
    START WITH 1
    INCREMENT BY 1
    NO MINVALUE
    NO MAXVALUE
    CACHE 1;


ALTER TABLE public.pinyins_id_seq OWNER TO susanazamora;

--
-- Name: pinyins_id_seq; Type: SEQUENCE OWNED BY; Schema: public; Owner: susanazamora
--

ALTER SEQUENCE public.pinyins_id_seq OWNED BY public.pinyins.id;


--
-- Name: schema_migrations; Type: TABLE; Schema: public; Owner: susanazamora
--

CREATE TABLE public.schema_migrations (
    version character varying NOT NULL
);


ALTER TABLE public.schema_migrations OWNER TO susanazamora;

--
-- Name: scores; Type: TABLE; Schema: public; Owner: susanazamora
--

CREATE TABLE public.scores (
    id bigint NOT NULL,
    user_id bigint,
    activities_id bigint,
    score integer,
    created_at timestamp without time zone NOT NULL,
    updated_at timestamp without time zone NOT NULL
);


ALTER TABLE public.scores OWNER TO susanazamora;

--
-- Name: scores_id_seq; Type: SEQUENCE; Schema: public; Owner: susanazamora
--

CREATE SEQUENCE public.scores_id_seq
    START WITH 1
    INCREMENT BY 1
    NO MINVALUE
    NO MAXVALUE
    CACHE 1;


ALTER TABLE public.scores_id_seq OWNER TO susanazamora;

--
-- Name: scores_id_seq; Type: SEQUENCE OWNED BY; Schema: public; Owner: susanazamora
--

ALTER SEQUENCE public.scores_id_seq OWNED BY public.scores.id;


--
-- Name: users; Type: TABLE; Schema: public; Owner: susanazamora
--

CREATE TABLE public.users (
    id bigint NOT NULL,
    email character varying DEFAULT ''::character varying NOT NULL,
    encrypted_password character varying DEFAULT ''::character varying NOT NULL,
    reset_password_token character varying,
    reset_password_sent_at timestamp without time zone,
    remember_created_at timestamp without time zone,
    created_at timestamp without time zone NOT NULL,
    updated_at timestamp without time zone NOT NULL,
    photo character varying
);


ALTER TABLE public.users OWNER TO susanazamora;

--
-- Name: users_id_seq; Type: SEQUENCE; Schema: public; Owner: susanazamora
--

CREATE SEQUENCE public.users_id_seq
    START WITH 1
    INCREMENT BY 1
    NO MINVALUE
    NO MAXVALUE
    CACHE 1;


ALTER TABLE public.users_id_seq OWNER TO susanazamora;

--
-- Name: users_id_seq; Type: SEQUENCE OWNED BY; Schema: public; Owner: susanazamora
--

ALTER SEQUENCE public.users_id_seq OWNED BY public.users.id;


--
-- Name: words; Type: TABLE; Schema: public; Owner: susanazamora
--

CREATE TABLE public.words (
    id bigint NOT NULL,
    created_at timestamp without time zone NOT NULL,
    updated_at timestamp without time zone NOT NULL,
    word text COLLATE pg_catalog."zh_CN"
);


ALTER TABLE public.words OWNER TO susanazamora;

--
-- Name: words_id_seq; Type: SEQUENCE; Schema: public; Owner: susanazamora
--

CREATE SEQUENCE public.words_id_seq
    START WITH 1
    INCREMENT BY 1
    NO MINVALUE
    NO MAXVALUE
    CACHE 1;


ALTER TABLE public.words_id_seq OWNER TO susanazamora;

--
-- Name: words_id_seq; Type: SEQUENCE OWNED BY; Schema: public; Owner: susanazamora
--

ALTER SEQUENCE public.words_id_seq OWNED BY public.words.id;


--
-- Name: activities id; Type: DEFAULT; Schema: public; Owner: susanazamora
--

ALTER TABLE ONLY public.activities ALTER COLUMN id SET DEFAULT nextval('public.activities_id_seq'::regclass);


--
-- Name: meanings id; Type: DEFAULT; Schema: public; Owner: susanazamora
--

ALTER TABLE ONLY public.meanings ALTER COLUMN id SET DEFAULT nextval('public.meanings_id_seq'::regclass);


--
-- Name: pinyins id; Type: DEFAULT; Schema: public; Owner: susanazamora
--

ALTER TABLE ONLY public.pinyins ALTER COLUMN id SET DEFAULT nextval('public.pinyins_id_seq'::regclass);


--
-- Name: scores id; Type: DEFAULT; Schema: public; Owner: susanazamora
--

ALTER TABLE ONLY public.scores ALTER COLUMN id SET DEFAULT nextval('public.scores_id_seq'::regclass);


--
-- Name: users id; Type: DEFAULT; Schema: public; Owner: susanazamora
--

ALTER TABLE ONLY public.users ALTER COLUMN id SET DEFAULT nextval('public.users_id_seq'::regclass);


--
-- Name: words id; Type: DEFAULT; Schema: public; Owner: susanazamora
--

ALTER TABLE ONLY public.words ALTER COLUMN id SET DEFAULT nextval('public.words_id_seq'::regclass);


--
-- Data for Name: activities; Type: TABLE DATA; Schema: public; Owner: susanazamora
--

COPY public.activities (id, name, created_at, updated_at) FROM stdin;
\.


--
-- Data for Name: ar_internal_metadata; Type: TABLE DATA; Schema: public; Owner: susanazamora
--

COPY public.ar_internal_metadata (key, value, created_at, updated_at) FROM stdin;
environment	development	2018-11-13 00:39:44.828694	2018-11-13 00:39:44.828694
\.


--
-- Data for Name: meanings; Type: TABLE DATA; Schema: public; Owner: susanazamora
--

COPY public.meanings (id, meaning, created_at, updated_at, word_id) FROM stdin;
5	amor	2018-11-24 01:58:59.850266	2018-11-24 01:58:59.850266	8
6	ocho	2018-11-24 01:59:53.508552	2018-11-24 01:59:53.508552	9
7	padre	2018-11-24 02:01:40.11363	2018-11-24 02:01:40.11363	10
8	vaso	2018-11-24 02:02:16.171831	2018-11-24 02:02:16.171831	11
9	Beijing	2018-11-24 02:02:38.423515	2018-11-24 02:02:38.423515	12
10	clas. de libro	2018-11-24 02:03:24.25865	2018-11-24 02:03:24.25865	13
11	de nada	2018-11-24 02:03:47.019815	2018-11-24 02:03:47.019815	14
12	no	2018-11-25 16:47:23.223743	2018-11-25 16:47:23.223743	15
13	comida	2018-11-25 16:47:47.50665	2018-11-25 16:47:47.50665	16
14	té	2018-11-25 16:48:13.792287	2018-11-25 16:48:13.792287	17
15	comer	2018-11-25 16:48:34.42552	2018-11-25 16:48:34.42552	18
16	taxi	2018-11-25 16:48:56.963962	2018-11-25 16:48:56.963962	19
18	grande	2018-11-27 14:07:37.733993	2018-11-27 14:07:37.733993	21
17	llamar	2018-11-27 14:06:34.810214	2018-11-27 14:06:34.810214	20
19	partícula posesiva	2018-12-04 00:21:07.120291	2018-12-04 00:21:07.120291	22
20	hora	2018-12-04 00:41:30.580058	2018-12-04 00:41:30.580058	23
21	computador	2018-12-04 00:42:32.018411	2018-12-04 00:42:32.018411	24
22	televisión	2018-12-04 00:43:42.568351	2018-12-04 00:43:42.568351	25
23	película	2018-12-04 00:44:46.248278	2018-12-04 00:44:46.248278	26
24	todo	2018-12-04 00:45:38.915846	2018-12-04 00:45:38.915846	27
25	cosa	2018-12-04 00:46:35.420745	2018-12-04 00:46:35.420745	28
26	leer	2018-12-04 00:47:38.841177	2018-12-04 00:47:38.841177	29
27	lo siento	2018-12-04 00:48:31.709599	2018-12-04 00:48:31.709599	30
28	mucho	2018-12-04 00:49:27.630248	2018-12-04 00:49:27.630248	31
29	cuánto	2018-12-04 00:50:34.174476	2018-12-04 00:50:34.174476	32
30	hijo	2018-12-04 00:51:25.667256	2018-12-04 00:51:25.667256	33
31	dos	2018-12-04 00:52:52.590081	2018-12-04 00:52:52.590081	34
32	restaurante	2018-12-04 16:54:51.051243	2018-12-04 16:54:51.051243	35
33	avión	2018-12-04 16:56:00.387699	2018-12-04 16:56:00.387699	36
34	contento	2018-12-04 16:57:05.795278	2018-12-04 16:57:05.795278	37
35	clasificador general	2018-12-04 16:58:12.897276	2018-12-04 16:58:12.897276	38
36	trabajo	2018-12-04 16:59:17.644457	2018-12-04 16:59:17.644457	39
37	perro	2018-12-04 22:14:15.24599	2018-12-04 22:14:15.24599	40
38	chino	2018-12-04 22:15:15.310072	2018-12-04 22:15:15.310072	41
39	bueno	2018-12-04 22:16:25.507495	2018-12-04 22:16:25.507495	42
40	beber	2018-12-04 22:17:35.873661	2018-12-04 22:17:35.873661	43
41	y	2018-12-04 22:18:46.785235	2018-12-04 22:18:46.785235	44
42	muy	2018-12-04 22:20:09.59723	2018-12-04 22:20:09.59723	45
43	detrás	2018-12-04 22:21:53.497611	2018-12-04 22:21:53.497611	46
44	volver	2018-12-04 22:23:10.29344	2018-12-04 22:23:10.29344	47
45	saber	2018-12-04 22:24:48.581767	2018-12-04 22:24:48.581767	48
46	estación de tren	2018-12-04 22:27:27.337814	2018-12-04 22:27:27.337814	49
47	varios	2018-12-04 22:28:42.73821	2018-12-04 22:28:42.73821	50
48	casa	2018-12-04 22:29:45.400328	2018-12-04 22:29:45.400328	51
49	llamar	2018-12-04 22:35:35.827186	2018-12-04 22:35:35.827186	52
50	hoy	2018-12-04 22:36:58.656797	2018-12-04 22:36:58.656797	53
51	nueve	2018-12-04 22:37:59.782705	2018-12-04 22:37:59.782705	54
52	abrir	2018-12-05 02:55:40.701443	2018-12-05 02:55:40.701443	55
53	mirar	2018-12-05 02:57:06.360162	2018-12-05 02:57:06.360162	56
54	ver	2018-12-05 02:58:11.84736	2018-12-05 02:58:11.84736	57
55	yuan	2018-12-05 02:59:27.347827	2018-12-05 02:59:27.347827	58
56	venir	2018-12-05 03:00:37.926051	2018-12-05 03:00:37.926051	59
57	profesor	2018-12-05 03:02:03.117573	2018-12-05 03:02:03.117573	60
58	partícula de acción finalizada	2018-12-05 03:04:59.444561	2018-12-05 03:04:59.444561	61
59	frío	2018-12-05 03:06:30.042343	2018-12-05 03:06:30.042343	62
60	dentro	2018-12-05 03:07:43.805542	2018-12-05 03:07:43.805542	63
61	cero	2018-12-05 03:09:02.780617	2018-12-05 03:09:02.780617	64
62	seis	2018-12-05 03:12:05.762098	2018-12-05 03:12:05.762098	65
63	partícula de final de oración	2018-12-05 03:14:38.471535	2018-12-05 03:14:38.471535	66
64	mamá	2018-12-05 03:15:43.812127	2018-12-05 03:15:43.812127	67
65	comprar	2018-12-05 03:16:57.599241	2018-12-05 03:16:57.599241	68
66	gato	2018-12-05 03:18:18.989964	2018-12-05 03:18:18.989964	69
67	no	2018-12-05 03:21:24.274056	2018-12-05 03:21:24.274056	70
68	no te preocupes	2018-12-05 03:23:02.779041	2018-12-05 03:23:02.779041	71
69	arroz	2018-12-05 03:24:02.443812	2018-12-05 03:24:02.443812	72
70	mañana	2018-12-05 03:25:12.985253	2018-12-05 03:25:12.985253	73
71	nombre	2018-12-05 03:26:38.273468	2018-12-05 03:26:38.273468	74
72	dónde	2018-12-05 03:27:54.414246	2018-12-05 03:27:54.414246	75
73	ese/esa	2018-12-05 03:29:15.326982	2018-12-05 03:29:15.326982	76
74	partícula pregunta retórica	2018-12-05 03:31:29.06649	2018-12-05 03:31:29.06649	77
75	poder	2018-12-05 03:32:30.056185	2018-12-05 03:32:30.056185	78
76	tu	2018-12-05 03:33:50.871001	2018-12-05 03:33:50.871001	79
77	ustedes	2018-12-05 03:35:27.477509	2018-12-05 03:35:27.477509	80
78	año	2018-12-05 03:37:42.98162	2018-12-05 03:37:42.98162	81
79	hija	2018-12-05 03:40:09.826568	2018-12-05 03:40:09.826568	82
80	manzana	2018-12-05 03:41:10.127381	2018-12-05 03:41:10.127381	83
81	amigo	2018-12-05 03:43:51.463033	2018-12-05 03:43:51.463033	84
82	siete	2018-12-05 03:45:09.771164	2018-12-05 03:45:09.771164	85
83	dinero	2018-12-05 03:46:17.264127	2018-12-05 03:46:17.264127	86
84	delante	2018-12-05 03:47:54.418139	2018-12-05 03:47:54.418139	87
85	por favor	2018-12-05 03:49:14.314359	2018-12-05 03:49:14.314359	88
86	ir	2018-12-05 03:50:19.620469	2018-12-05 03:50:19.620469	89
87	calor	2018-12-05 03:52:12.725055	2018-12-05 03:52:12.725055	90
88	persona	2018-12-05 03:53:14.461162	2018-12-05 03:53:14.461162	91
89	conocer	2018-12-05 03:54:55.081555	2018-12-05 03:54:55.081555	92
90	sol, día	2018-12-05 03:57:05.741939	2018-12-05 03:57:05.741939	93
91	tres	2018-12-05 03:58:16.56251	2018-12-05 03:58:16.56251	94
92	tienda	2018-12-05 03:59:57.330972	2018-12-05 03:59:57.330972	95
93	arriba	2018-12-05 15:05:33.371832	2018-12-05 15:05:33.371832	96
94	mañana (a.m.)	2018-12-05 15:07:10.469588	2018-12-05 15:07:10.469588	97
95	poco	2018-12-05 15:08:22.995164	2018-12-05 15:08:22.995164	98
96	quién	2018-12-05 15:09:33.024218	2018-12-05 15:09:33.024218	99
97	qué	2018-12-05 15:10:36.262596	2018-12-05 15:10:36.262596	100
98	cuando	2018-12-05 15:11:49.710795	2018-12-05 15:11:49.710795	101
99	diez	2018-12-05 15:15:02.670172	2018-12-05 15:15:02.670172	102
100	ser	2018-12-05 15:16:07.945595	2018-12-05 15:16:07.945595	103
101	libro	2018-12-05 15:17:23.038753	2018-12-05 15:17:23.038753	104
102	agua	2018-12-05 15:18:40.894936	2018-12-05 15:18:40.894936	105
103	fruta	2018-12-05 15:19:51.438084	2018-12-05 15:19:51.438084	106
104	dormir	2018-12-05 15:21:11.991585	2018-12-05 15:21:11.991585	107
105	hablar	2018-12-05 15:22:26.570462	2018-12-05 15:22:26.570462	108
106	cuatro	2018-12-05 15:23:43.348456	2018-12-05 15:23:43.348456	109
107	años de edad	2018-12-05 15:25:34.452324	2018-12-05 15:25:34.452324	110
108	él	2018-12-05 15:27:28.490448	2018-12-05 15:27:28.490448	111
109	ella	2018-12-05 15:29:31.466656	2018-12-05 15:29:31.466656	112
110	ellos	2018-12-05 15:30:49.671185	2018-12-05 15:30:49.671185	113
111	ellas	2018-12-05 15:34:37.800589	2018-12-05 15:34:37.800589	114
112	demasiado	2018-12-05 15:35:42.895056	2018-12-05 15:35:42.895056	115
113	clima	2018-12-05 15:39:32.467485	2018-12-05 15:39:32.467485	116
114	escuchar	2018-12-05 15:40:38.290823	2018-12-05 15:40:38.290823	117
115	compañero	2018-12-05 15:41:46.227026	2018-12-05 15:41:46.227026	118
116	yo	2018-12-05 15:43:04.688056	2018-12-05 15:43:04.688056	119
117	nosotros	2018-12-05 15:44:36.592128	2018-12-05 15:44:36.592128	120
118	gustar	2018-12-05 15:45:52.27045	2018-12-05 15:45:52.27045	121
119	abajo	2018-12-05 15:47:14.393182	2018-12-05 15:47:14.393182	122
120	tarde (p.m.)	2018-12-05 15:48:39.725525	2018-12-05 15:48:39.725525	123
121	lluvia	2018-12-05 15:49:59.378864	2018-12-05 15:49:59.378864	124
129	gracias	2018-12-05 16:00:53.524004	2018-12-05 16:00:53.524004	132
136	doctor	2018-12-05 16:11:48.702832	2018-12-05 16:11:48.702832	139
140	mes	2018-12-05 16:20:20.579775	2018-12-05 16:20:20.579775	143
122	señor	2018-12-05 15:51:20.036023	2018-12-05 15:51:20.036023	125
123	ahora	2018-12-05 15:52:48.707335	2018-12-05 15:52:48.707335	126
125	pequeño	2018-12-05 15:55:40.609484	2018-12-05 15:55:40.609484	128
126	señorita	2018-12-05 15:57:03.721696	2018-12-05 15:57:03.721696	129
128	escribir	2018-12-05 15:59:35.272046	2018-12-05 15:59:35.272046	131
131	escuela	2018-12-05 16:04:04.654333	2018-12-05 16:04:04.654333	134
137	hospital	2018-12-05 16:13:42.745654	2018-12-05 16:13:42.745654	140
138	silla	2018-12-05 16:16:23.475297	2018-12-05 16:16:23.475297	141
148	vivir	2018-12-05 16:31:41.166286	2018-12-05 16:31:41.166286	151
151	ayer	2018-12-05 16:36:41.286575	2018-12-05 16:36:41.286575	154
153	hacer	2018-12-05 16:39:17.856611	2018-12-05 16:39:17.856611	156
124	querer, pensar	2018-12-05 15:54:21.470752	2018-12-05 15:54:21.470752	127
127	algunos	2018-12-05 15:58:25.422455	2018-12-05 15:58:25.422455	130
130	semana	2018-12-05 16:02:11.339204	2018-12-05 16:02:11.339204	133
133	estudiante	2018-12-05 16:07:07.145464	2018-12-05 16:07:07.145464	136
139	tener	2018-12-05 16:17:35.876294	2018-12-05 16:17:35.876294	142
143	cómo	2018-12-05 16:24:21.492101	2018-12-05 16:24:21.492101	146
144	qué tal	2018-12-05 16:26:18.287992	2018-12-05 16:26:18.287992	147
146	China	2018-12-05 16:28:57.645778	2018-12-05 16:28:57.645778	149
132	estudiar	2018-12-05 16:05:31.448542	2018-12-05 16:05:31.448542	135
134	uno	2018-12-05 16:08:16.929554	2018-12-05 16:08:16.929554	137
135	ropa	2018-12-05 16:09:42.33515	2018-12-05 16:09:42.33515	138
141	estar	2018-12-05 16:21:37.426655	2018-12-05 16:21:37.426655	144
142	chao	2018-12-05 16:23:00.727653	2018-12-05 16:23:00.727653	145
152	sentarse	2018-12-05 16:38:03.621885	2018-12-05 16:38:03.621885	155
145	este	2018-12-05 16:27:36.279583	2018-12-05 16:27:36.279583	148
147	mediodía	2018-12-05 16:30:16.062067	2018-12-05 16:30:16.062067	150
149	mesa	2018-12-05 16:32:55.155281	2018-12-05 16:32:55.155281	152
150	caracter	2018-12-05 16:35:24.677787	2018-12-05 16:35:24.677787	153
\.


--
-- Data for Name: pinyins; Type: TABLE DATA; Schema: public; Owner: susanazamora
--

COPY public.pinyins (id, pinyin, word_id, created_at, updated_at) FROM stdin;
3	ài	8	2018-11-24 01:58:59.856423	2018-11-24 01:58:59.856423
4	bā	9	2018-11-24 01:59:53.513925	2018-11-24 01:59:53.513925
5	bà ba	10	2018-11-24 02:01:40.117266	2018-11-24 02:01:40.117266
6	bēi zi	11	2018-11-24 02:02:16.17684	2018-11-24 02:02:16.17684
7	běi jīng	12	2018-11-24 02:02:38.427886	2018-11-24 02:02:38.427886
8	běn	13	2018-11-24 02:03:24.26412	2018-11-24 02:03:24.26412
9	bú kè qì	14	2018-11-24 02:03:47.026083	2018-11-24 02:03:47.026083
10	bù	15	2018-11-25 16:47:23.238726	2018-11-25 16:47:23.238726
11	cài	16	2018-11-25 16:47:47.512523	2018-11-25 16:47:47.512523
12	chá	17	2018-11-25 16:48:13.797421	2018-11-25 16:48:13.797421
13	chī	18	2018-11-25 16:48:34.43312	2018-11-25 16:48:34.43312
14	chū zū chē	19	2018-11-25 16:48:56.967341	2018-11-25 16:48:56.967341
15	dǎ diàn huà	20	2018-11-27 14:06:34.824508	2018-11-27 14:06:34.824508
16	dà	21	2018-11-27 14:07:37.809952	2018-11-27 14:07:37.809952
17	de	22	2018-12-04 00:21:07.133048	2018-12-04 00:21:07.133048
18	diǎn	23	2018-12-04 00:41:30.852946	2018-12-04 00:41:30.852946
19	diàn nǎo	24	2018-12-04 00:42:32.024674	2018-12-04 00:42:32.024674
20	diàn shì	25	2018-12-04 00:43:42.574623	2018-12-04 00:43:42.574623
21	diàn yǐng	26	2018-12-04 00:44:46.362909	2018-12-04 00:44:46.362909
22	dōu	27	2018-12-04 00:45:39.103044	2018-12-04 00:45:39.103044
23	dōng xī	28	2018-12-04 00:46:35.504017	2018-12-04 00:46:35.504017
24	dú	29	2018-12-04 00:47:38.84609	2018-12-04 00:47:38.84609
25	duì bú qǐ	30	2018-12-04 00:48:31.827833	2018-12-04 00:48:31.827833
26	duō	31	2018-12-04 00:49:27.693082	2018-12-04 00:49:27.693082
27	duō shǎo	32	2018-12-04 00:50:34.199359	2018-12-04 00:50:34.199359
28	ér zi	33	2018-12-04 00:51:25.831203	2018-12-04 00:51:25.831203
29	èr	34	2018-12-04 00:52:52.659875	2018-12-04 00:52:52.659875
30	fàn diàn	35	2018-12-04 16:54:51.091701	2018-12-04 16:54:51.091701
31	fēi jī	36	2018-12-04 16:56:00.391629	2018-12-04 16:56:00.391629
32	gāo xìng	37	2018-12-04 16:57:05.932683	2018-12-04 16:57:05.932683
33	gè	38	2018-12-04 16:58:12.900689	2018-12-04 16:58:12.900689
34	gōng zuò	39	2018-12-04 16:59:17.896063	2018-12-04 16:59:17.896063
35	gǒu	40	2018-12-04 22:14:15.271873	2018-12-04 22:14:15.271873
36	hàn yǔ	41	2018-12-04 22:15:15.33792	2018-12-04 22:15:15.33792
37	hǎo	42	2018-12-04 22:16:25.535959	2018-12-04 22:16:25.535959
38	hē	43	2018-12-04 22:17:36.153229	2018-12-04 22:17:36.153229
39	hé	44	2018-12-04 22:18:47.141076	2018-12-04 22:18:47.141076
40	hěn	45	2018-12-04 22:20:09.662325	2018-12-04 22:20:09.662325
41	hòu miàn	46	2018-12-04 22:21:53.502837	2018-12-04 22:21:53.502837
42	huí	47	2018-12-04 22:23:10.331151	2018-12-04 22:23:10.331151
43	huì	48	2018-12-04 22:24:48.587513	2018-12-04 22:24:48.587513
44	huǒ chē zhàn	49	2018-12-04 22:27:27.341352	2018-12-04 22:27:27.341352
45	jǐ	50	2018-12-04 22:28:42.748226	2018-12-04 22:28:42.748226
46	jiā	51	2018-12-04 22:29:45.479419	2018-12-04 22:29:45.479419
47	jiào	52	2018-12-04 22:35:35.837808	2018-12-04 22:35:35.837808
48	jīn tiān	53	2018-12-04 22:36:58.662466	2018-12-04 22:36:58.662466
49	jiǔ	54	2018-12-04 22:37:59.909082	2018-12-04 22:37:59.909082
50	kāi	55	2018-12-05 02:55:40.711487	2018-12-05 02:55:40.711487
51	kàn	56	2018-12-05 02:57:06.395883	2018-12-05 02:57:06.395883
52	kàn jiàn	57	2018-12-05 02:58:11.937868	2018-12-05 02:58:11.937868
53	kuài	58	2018-12-05 02:59:27.352688	2018-12-05 02:59:27.352688
54	lái	59	2018-12-05 03:00:37.929925	2018-12-05 03:00:37.929925
55	lǎo shī	60	2018-12-05 03:02:03.123074	2018-12-05 03:02:03.123074
56	le	61	2018-12-05 03:04:59.450404	2018-12-05 03:04:59.450404
57	lěng	62	2018-12-05 03:06:30.046116	2018-12-05 03:06:30.046116
58	lǐ	63	2018-12-05 03:07:43.811287	2018-12-05 03:07:43.811287
59	líng	64	2018-12-05 03:09:02.806354	2018-12-05 03:09:02.806354
60	liù	65	2018-12-05 03:12:05.769124	2018-12-05 03:12:05.769124
61	ma	66	2018-12-05 03:14:38.47599	2018-12-05 03:14:38.47599
62	mā ma	67	2018-12-05 03:15:43.899733	2018-12-05 03:15:43.899733
63	mǎi	68	2018-12-05 03:16:57.602251	2018-12-05 03:16:57.602251
64	māo	69	2018-12-05 03:18:18.997995	2018-12-05 03:18:18.997995
65	méi	70	2018-12-05 03:21:24.282619	2018-12-05 03:21:24.282619
66	méi guān xì	71	2018-12-05 03:23:02.78592	2018-12-05 03:23:02.78592
67	mǐ fàn	72	2018-12-05 03:24:02.578784	2018-12-05 03:24:02.578784
68	míng tiān	73	2018-12-05 03:25:12.990431	2018-12-05 03:25:12.990431
69	míng zì	74	2018-12-05 03:26:38.277239	2018-12-05 03:26:38.277239
70	nǎ ér	75	2018-12-05 03:27:54.417108	2018-12-05 03:27:54.417108
71	nà	76	2018-12-05 03:29:15.331643	2018-12-05 03:29:15.331643
72	ne	77	2018-12-05 03:31:29.074606	2018-12-05 03:31:29.074606
73	néng	78	2018-12-05 03:32:30.284642	2018-12-05 03:32:30.284642
74	nǐ	79	2018-12-05 03:33:50.880338	2018-12-05 03:33:50.880338
75	nǐ men	80	2018-12-05 03:35:27.481701	2018-12-05 03:35:27.481701
76	nián	81	2018-12-05 03:37:42.987533	2018-12-05 03:37:42.987533
77	nǚ ér	82	2018-12-05 03:40:09.83439	2018-12-05 03:40:09.83439
78	píng guǒ	83	2018-12-05 03:41:10.140926	2018-12-05 03:41:10.140926
79	péng yǒu	84	2018-12-05 03:43:51.467361	2018-12-05 03:43:51.467361
80	qī	85	2018-12-05 03:45:09.775478	2018-12-05 03:45:09.775478
81	qián	86	2018-12-05 03:46:17.269579	2018-12-05 03:46:17.269579
82	qián miàn	87	2018-12-05 03:47:54.423659	2018-12-05 03:47:54.423659
83	qǐng	88	2018-12-05 03:49:14.319552	2018-12-05 03:49:14.319552
84	qù	89	2018-12-05 03:50:19.725581	2018-12-05 03:50:19.725581
85	rè	90	2018-12-05 03:52:12.728756	2018-12-05 03:52:12.728756
86	rén	91	2018-12-05 03:53:14.526189	2018-12-05 03:53:14.526189
87	rèn shí	92	2018-12-05 03:54:55.085481	2018-12-05 03:54:55.085481
88	rì	93	2018-12-05 03:57:05.747447	2018-12-05 03:57:05.747447
89	sān	94	2018-12-05 03:58:16.605808	2018-12-05 03:58:16.605808
90	shāng diàn	95	2018-12-05 03:59:57.339814	2018-12-05 03:59:57.339814
91	shàng	96	2018-12-05 15:05:33.387049	2018-12-05 15:05:33.387049
92	shàng wǔ	97	2018-12-05 15:07:10.486827	2018-12-05 15:07:10.486827
93	shǎo	98	2018-12-05 15:08:23.120181	2018-12-05 15:08:23.120181
94	shéi	99	2018-12-05 15:09:33.138749	2018-12-05 15:09:33.138749
95	shén me	100	2018-12-05 15:10:36.268668	2018-12-05 15:10:36.268668
96	shí hòu	101	2018-12-05 15:11:49.927205	2018-12-05 15:11:49.927205
97	shí	102	2018-12-05 15:15:02.674335	2018-12-05 15:15:02.674335
98	shì	103	2018-12-05 15:16:07.95345	2018-12-05 15:16:07.95345
99	shū	104	2018-12-05 15:17:23.095693	2018-12-05 15:17:23.095693
100	shuǐ	105	2018-12-05 15:18:41.141062	2018-12-05 15:18:41.141062
101	shuǐ guǒ	106	2018-12-05 15:19:51.672865	2018-12-05 15:19:51.672865
102	shuì jiào	107	2018-12-05 15:21:12.38159	2018-12-05 15:21:12.38159
103	shuō huà	108	2018-12-05 15:22:26.655432	2018-12-05 15:22:26.655432
104	sì	109	2018-12-05 15:23:43.567997	2018-12-05 15:23:43.567997
105	suì	110	2018-12-05 15:25:34.459358	2018-12-05 15:25:34.459358
106	tā	111	2018-12-05 15:27:28.494096	2018-12-05 15:27:28.494096
107	tā	112	2018-12-05 15:29:31.486002	2018-12-05 15:29:31.486002
108	tā men	113	2018-12-05 15:30:49.688192	2018-12-05 15:30:49.688192
109	tā men	114	2018-12-05 15:34:37.80879	2018-12-05 15:34:37.80879
110	tài	115	2018-12-05 15:35:43.067054	2018-12-05 15:35:43.067054
111	tiān qì	116	2018-12-05 15:39:32.473116	2018-12-05 15:39:32.473116
112	tīng	117	2018-12-05 15:40:38.306379	2018-12-05 15:40:38.306379
113	tóng xué	118	2018-12-05 15:41:46.420152	2018-12-05 15:41:46.420152
114	wǒ	119	2018-12-05 15:43:05.048712	2018-12-05 15:43:05.048712
115	wǒ men	120	2018-12-05 15:44:36.730026	2018-12-05 15:44:36.730026
116	xǐ huān	121	2018-12-05 15:45:52.378135	2018-12-05 15:45:52.378135
117	xià	122	2018-12-05 15:47:14.471123	2018-12-05 15:47:14.471123
118	xià wǔ	123	2018-12-05 15:48:39.763609	2018-12-05 15:48:39.763609
119	xià yǔ	124	2018-12-05 15:49:59.593736	2018-12-05 15:49:59.593736
127	xiè xie	132	2018-12-05 16:00:53.827762	2018-12-05 16:00:53.827762
134	yī shēng	139	2018-12-05 16:11:48.905914	2018-12-05 16:11:48.905914
138	yuè	143	2018-12-05 16:20:20.692962	2018-12-05 16:20:20.692962
120	xiān shēng	125	2018-12-05 15:51:20.441861	2018-12-05 15:51:20.441861
121	xiàn zài	126	2018-12-05 15:52:48.719037	2018-12-05 15:52:48.719037
123	xiǎo	128	2018-12-05 15:55:40.613055	2018-12-05 15:55:40.613055
124	xiǎo jiě	129	2018-12-05 15:57:03.80832	2018-12-05 15:57:03.80832
126	xiě	131	2018-12-05 15:59:35.471651	2018-12-05 15:59:35.471651
129	xué xiào	134	2018-12-05 16:04:04.662948	2018-12-05 16:04:04.662948
135	yī yuàn	140	2018-12-05 16:13:42.954555	2018-12-05 16:13:42.954555
136	yǐ zi	141	2018-12-05 16:16:23.495569	2018-12-05 16:16:23.495569
146	zhù	151	2018-12-05 16:31:41.171136	2018-12-05 16:31:41.171136
149	zuó tiān	154	2018-12-05 16:36:41.536675	2018-12-05 16:36:41.536675
151	zuò	156	2018-12-05 16:39:18.10515	2018-12-05 16:39:18.10515
122	xiǎng	127	2018-12-05 15:54:21.475259	2018-12-05 15:54:21.475259
125	xiē	130	2018-12-05 15:58:25.833669	2018-12-05 15:58:25.833669
128	xīng qī	133	2018-12-05 16:02:11.505496	2018-12-05 16:02:11.505496
131	xué shēng	136	2018-12-05 16:07:07.222984	2018-12-05 16:07:07.222984
137	yǒu	142	2018-12-05 16:17:36.260513	2018-12-05 16:17:36.260513
141	zěn me	146	2018-12-05 16:24:21.875293	2018-12-05 16:24:21.875293
142	zěn me yàng	147	2018-12-05 16:26:18.548207	2018-12-05 16:26:18.548207
144	zhōng guó	149	2018-12-05 16:28:57.668092	2018-12-05 16:28:57.668092
130	xué xí	135	2018-12-05 16:05:31.453081	2018-12-05 16:05:31.453081
132	yī	137	2018-12-05 16:08:17.153418	2018-12-05 16:08:17.153418
133	yī fú	138	2018-12-05 16:09:42.786814	2018-12-05 16:09:42.786814
139	zài	144	2018-12-05 16:21:37.556428	2018-12-05 16:21:37.556428
140	zài jiàn	145	2018-12-05 16:23:00.737004	2018-12-05 16:23:00.737004
150	zuò	155	2018-12-05 16:38:03.626522	2018-12-05 16:38:03.626522
143	zhè	148	2018-12-05 16:27:36.666521	2018-12-05 16:27:36.666521
145	zhōng wǔ	150	2018-12-05 16:30:16.503286	2018-12-05 16:30:16.503286
147	zhuō zi	152	2018-12-05 16:32:55.279405	2018-12-05 16:32:55.279405
148	zì	153	2018-12-05 16:35:24.682991	2018-12-05 16:35:24.682991
\.


--
-- Data for Name: schema_migrations; Type: TABLE DATA; Schema: public; Owner: susanazamora
--

COPY public.schema_migrations (version) FROM stdin;
20181113003937
20181113004221
20181113004315
20181113132605
20181113132612
20181119221352
20181119223131
20181119225939
20181121224841
\.


--
-- Data for Name: scores; Type: TABLE DATA; Schema: public; Owner: susanazamora
--

COPY public.scores (id, user_id, activities_id, score, created_at, updated_at) FROM stdin;
\.


--
-- Data for Name: users; Type: TABLE DATA; Schema: public; Owner: susanazamora
--

COPY public.users (id, email, encrypted_password, reset_password_token, reset_password_sent_at, remember_created_at, created_at, updated_at, photo) FROM stdin;
\.


--
-- Data for Name: words; Type: TABLE DATA; Schema: public; Owner: susanazamora
--

COPY public.words (id, created_at, updated_at, word) FROM stdin;
8	2018-11-24 01:58:59.84369	2018-11-24 01:58:59.84369	爱
9	2018-11-24 01:59:53.503687	2018-11-24 01:59:53.503687	八
10	2018-11-24 02:01:40.109537	2018-11-24 02:01:40.109537	爸爸
11	2018-11-24 02:02:16.166452	2018-11-24 02:02:16.166452	杯子
12	2018-11-24 02:02:38.418839	2018-11-24 02:02:38.418839	北京
13	2018-11-24 02:03:24.254815	2018-11-24 02:03:24.254815	本
14	2018-11-24 02:03:47.016115	2018-11-24 02:03:47.016115	不客气
15	2018-11-25 16:47:23.140763	2018-11-25 16:47:23.140763	不
16	2018-11-25 16:47:47.502269	2018-11-25 16:47:47.502269	菜
17	2018-11-25 16:48:13.789934	2018-11-25 16:48:13.789934	茶
18	2018-11-25 16:48:34.417544	2018-11-25 16:48:34.417544	吃
19	2018-11-25 16:48:56.960858	2018-11-25 16:48:56.960858	出租车
20	2018-11-27 14:06:34.785814	2018-11-27 14:06:34.785814	打电话
21	2018-11-27 14:07:37.727843	2018-11-27 14:07:37.727843	大
22	2018-12-04 00:21:07.093382	2018-12-04 00:21:07.093382	的
23	2018-12-04 00:41:30.485922	2018-12-04 00:41:30.485922	点
24	2018-12-04 00:42:31.957738	2018-12-04 00:42:31.957738	电脑
25	2018-12-04 00:43:42.560649	2018-12-04 00:43:42.560649	电视
26	2018-12-04 00:44:46.071424	2018-12-04 00:44:46.071424	电影
27	2018-12-04 00:45:38.656733	2018-12-04 00:45:38.656733	都
28	2018-12-04 00:46:35.365555	2018-12-04 00:46:35.365555	东西
29	2018-12-04 00:47:38.76318	2018-12-04 00:47:38.76318	读
30	2018-12-04 00:48:31.386246	2018-12-04 00:48:31.386246	对不起
31	2018-12-04 00:49:27.493609	2018-12-04 00:49:27.493609	多
32	2018-12-04 00:50:34.163743	2018-12-04 00:50:34.163743	多少
33	2018-12-04 00:51:25.661258	2018-12-04 00:51:25.661258	儿子
34	2018-12-04 00:52:52.51869	2018-12-04 00:52:52.51869	二
35	2018-12-04 16:54:50.859332	2018-12-04 16:54:50.859332	饭店
36	2018-12-04 16:56:00.380352	2018-12-04 16:56:00.380352	飞机
37	2018-12-04 16:57:05.78311	2018-12-04 16:57:05.78311	高兴
38	2018-12-04 16:58:12.892207	2018-12-04 16:58:12.892207	个
39	2018-12-04 16:59:17.54702	2018-12-04 16:59:17.54702	工作
40	2018-12-04 22:14:15.195543	2018-12-04 22:14:15.195543	狗
41	2018-12-04 22:15:15.299344	2018-12-04 22:15:15.299344	汉语
42	2018-12-04 22:16:25.504782	2018-12-04 22:16:25.504782	好
43	2018-12-04 22:17:35.505883	2018-12-04 22:17:35.505883	喝
44	2018-12-04 22:18:46.512038	2018-12-04 22:18:46.512038	和
45	2018-12-04 22:20:09.538215	2018-12-04 22:20:09.538215	很
46	2018-12-04 22:21:53.494086	2018-12-04 22:21:53.494086	后面
47	2018-12-04 22:23:10.288985	2018-12-04 22:23:10.288985	回
48	2018-12-04 22:24:48.547872	2018-12-04 22:24:48.547872	会
49	2018-12-04 22:27:27.328618	2018-12-04 22:27:27.328618	火车站
50	2018-12-04 22:28:42.731206	2018-12-04 22:28:42.731206	几
51	2018-12-04 22:29:45.322855	2018-12-04 22:29:45.322855	家
52	2018-12-04 22:35:35.819772	2018-12-04 22:35:35.819772	叫
53	2018-12-04 22:36:58.649691	2018-12-04 22:36:58.649691	今天
54	2018-12-04 22:37:59.581655	2018-12-04 22:37:59.581655	九
55	2018-12-05 02:55:40.690815	2018-12-05 02:55:40.690815	开
56	2018-12-05 02:57:06.325188	2018-12-05 02:57:06.325188	看
57	2018-12-05 02:58:11.616848	2018-12-05 02:58:11.616848	看见
58	2018-12-05 02:59:27.341808	2018-12-05 02:59:27.341808	块
59	2018-12-05 03:00:37.919911	2018-12-05 03:00:37.919911	来
60	2018-12-05 03:02:03.111243	2018-12-05 03:02:03.111243	老师
61	2018-12-05 03:04:59.439592	2018-12-05 03:04:59.439592	了
62	2018-12-05 03:06:30.037345	2018-12-05 03:06:30.037345	冷
63	2018-12-05 03:07:43.800742	2018-12-05 03:07:43.800742	里
64	2018-12-05 03:09:02.775219	2018-12-05 03:09:02.775219	零
65	2018-12-05 03:12:05.754353	2018-12-05 03:12:05.754353	六
66	2018-12-05 03:14:38.466138	2018-12-05 03:14:38.466138	吗
67	2018-12-05 03:15:43.681998	2018-12-05 03:15:43.681998	妈妈
68	2018-12-05 03:16:57.596763	2018-12-05 03:16:57.596763	买
69	2018-12-05 03:18:18.985013	2018-12-05 03:18:18.985013	猫
70	2018-12-05 03:21:24.068342	2018-12-05 03:21:24.068342	没
71	2018-12-05 03:23:02.774863	2018-12-05 03:23:02.774863	没关系
72	2018-12-05 03:24:02.435037	2018-12-05 03:24:02.435037	米饭
73	2018-12-05 03:25:12.976575	2018-12-05 03:25:12.976575	明天
74	2018-12-05 03:26:38.263111	2018-12-05 03:26:38.263111	名字
75	2018-12-05 03:27:54.411224	2018-12-05 03:27:54.411224	哪儿
76	2018-12-05 03:29:15.319389	2018-12-05 03:29:15.319389	那
77	2018-12-05 03:31:29.062876	2018-12-05 03:31:29.062876	呢
78	2018-12-05 03:32:29.690947	2018-12-05 03:32:29.690947	能
79	2018-12-05 03:33:50.866953	2018-12-05 03:33:50.866953	你
80	2018-12-05 03:35:27.472011	2018-12-05 03:35:27.472011	你们
81	2018-12-05 03:37:42.974885	2018-12-05 03:37:42.974885	年
82	2018-12-05 03:40:09.817012	2018-12-05 03:40:09.817012	女儿
83	2018-12-05 03:41:09.961449	2018-12-05 03:41:09.961449	苹果
84	2018-12-05 03:43:51.457802	2018-12-05 03:43:51.457802	朋友
85	2018-12-05 03:45:09.765553	2018-12-05 03:45:09.765553	七
86	2018-12-05 03:46:17.258253	2018-12-05 03:46:17.258253	钱
87	2018-12-05 03:47:54.414169	2018-12-05 03:47:54.414169	前面
88	2018-12-05 03:49:14.310425	2018-12-05 03:49:14.310425	请
89	2018-12-05 03:50:19.61659	2018-12-05 03:50:19.61659	去
90	2018-12-05 03:52:12.71113	2018-12-05 03:52:12.71113	热
91	2018-12-05 03:53:14.334578	2018-12-05 03:53:14.334578	人
92	2018-12-05 03:54:55.075978	2018-12-05 03:54:55.075978	认识
93	2018-12-05 03:57:05.73418	2018-12-05 03:57:05.73418	日
94	2018-12-05 03:58:16.554197	2018-12-05 03:58:16.554197	三
95	2018-12-05 03:59:57.32583	2018-12-05 03:59:57.32583	商店
96	2018-12-05 15:05:33.343778	2018-12-05 15:05:33.343778	上
97	2018-12-05 15:07:10.463439	2018-12-05 15:07:10.463439	上午
98	2018-12-05 15:08:22.778903	2018-12-05 15:08:22.778903	少
99	2018-12-05 15:09:32.760388	2018-12-05 15:09:32.760388	谁
100	2018-12-05 15:10:36.255446	2018-12-05 15:10:36.255446	什么
101	2018-12-05 15:11:49.474946	2018-12-05 15:11:49.474946	时候
102	2018-12-05 15:15:02.665452	2018-12-05 15:15:02.665452	十
103	2018-12-05 15:16:07.942628	2018-12-05 15:16:07.942628	是
104	2018-12-05 15:17:22.987258	2018-12-05 15:17:22.987258	书
105	2018-12-05 15:18:40.733992	2018-12-05 15:18:40.733992	水
106	2018-12-05 15:19:51.096375	2018-12-05 15:19:51.096375	水果
107	2018-12-05 15:21:11.857111	2018-12-05 15:21:11.857111	睡觉
108	2018-12-05 15:22:26.282963	2018-12-05 15:22:26.282963	说话
109	2018-12-05 15:23:43.333269	2018-12-05 15:23:43.333269	四
110	2018-12-05 15:25:34.448803	2018-12-05 15:25:34.448803	岁
111	2018-12-05 15:27:28.486819	2018-12-05 15:27:28.486819	他
112	2018-12-05 15:29:31.458758	2018-12-05 15:29:31.458758	她
113	2018-12-05 15:30:49.666974	2018-12-05 15:30:49.666974	他们
114	2018-12-05 15:34:37.794544	2018-12-05 15:34:37.794544	她们
115	2018-12-05 15:35:42.718226	2018-12-05 15:35:42.718226	太
116	2018-12-05 15:39:32.459851	2018-12-05 15:39:32.459851	天气
117	2018-12-05 15:40:38.286706	2018-12-05 15:40:38.286706	听
118	2018-12-05 15:41:45.998426	2018-12-05 15:41:45.998426	同学
119	2018-12-05 15:43:04.508121	2018-12-05 15:43:04.508121	我
120	2018-12-05 15:44:36.466976	2018-12-05 15:44:36.466976	我们
121	2018-12-05 15:45:52.087447	2018-12-05 15:45:52.087447	喜欢
122	2018-12-05 15:47:14.274072	2018-12-05 15:47:14.274072	下
123	2018-12-05 15:48:39.720213	2018-12-05 15:48:39.720213	下午
124	2018-12-05 15:49:59.369687	2018-12-05 15:49:59.369687	下雨
125	2018-12-05 15:51:19.7799	2018-12-05 15:51:19.7799	先生
126	2018-12-05 15:52:48.704898	2018-12-05 15:52:48.704898	现在
127	2018-12-05 15:54:21.465729	2018-12-05 15:54:21.465729	想
128	2018-12-05 15:55:40.60461	2018-12-05 15:55:40.60461	小
129	2018-12-05 15:57:03.530892	2018-12-05 15:57:03.530892	小姐
130	2018-12-05 15:58:25.327434	2018-12-05 15:58:25.327434	些
131	2018-12-05 15:59:34.98767	2018-12-05 15:59:34.98767	写
132	2018-12-05 16:00:53.089142	2018-12-05 16:00:53.089142	谢谢
133	2018-12-05 16:02:11.102983	2018-12-05 16:02:11.102983	星期
134	2018-12-05 16:04:04.648943	2018-12-05 16:04:04.648943	学校
135	2018-12-05 16:05:31.443933	2018-12-05 16:05:31.443933	学习
136	2018-12-05 16:07:06.888816	2018-12-05 16:07:06.888816	学生
137	2018-12-05 16:08:16.805448	2018-12-05 16:08:16.805448	一
138	2018-12-05 16:09:42.152737	2018-12-05 16:09:42.152737	衣服
139	2018-12-05 16:11:48.686832	2018-12-05 16:11:48.686832	医生
140	2018-12-05 16:13:42.357672	2018-12-05 16:13:42.357672	医院
141	2018-12-05 16:16:23.47265	2018-12-05 16:16:23.47265	椅子
142	2018-12-05 16:17:35.655142	2018-12-05 16:17:35.655142	有
146	2018-12-05 16:24:21.482283	2018-12-05 16:24:21.482283	怎么
147	2018-12-05 16:26:18.130054	2018-12-05 16:26:18.130054	怎么样
149	2018-12-05 16:28:57.634606	2018-12-05 16:28:57.634606	中国
143	2018-12-05 16:20:20.310468	2018-12-05 16:20:20.310468	月
144	2018-12-05 16:21:37.191012	2018-12-05 16:21:37.191012	在
145	2018-12-05 16:23:00.72464	2018-12-05 16:23:00.72464	再见
155	2018-12-05 16:38:03.617464	2018-12-05 16:38:03.617464	坐
148	2018-12-05 16:27:36.138161	2018-12-05 16:27:36.138161	这
150	2018-12-05 16:30:15.794692	2018-12-05 16:30:15.794692	中午
152	2018-12-05 16:32:55.033949	2018-12-05 16:32:55.033949	桌子
153	2018-12-05 16:35:24.672718	2018-12-05 16:35:24.672718	字
151	2018-12-05 16:31:41.13884	2018-12-05 16:31:41.13884	住
154	2018-12-05 16:36:41.163721	2018-12-05 16:36:41.163721	昨天
156	2018-12-05 16:39:17.713158	2018-12-05 16:39:17.713158	做
\.


--
-- Name: activities_id_seq; Type: SEQUENCE SET; Schema: public; Owner: susanazamora
--

SELECT pg_catalog.setval('public.activities_id_seq', 1, false);


--
-- Name: meanings_id_seq; Type: SEQUENCE SET; Schema: public; Owner: susanazamora
--

SELECT pg_catalog.setval('public.meanings_id_seq', 153, true);


--
-- Name: pinyins_id_seq; Type: SEQUENCE SET; Schema: public; Owner: susanazamora
--

SELECT pg_catalog.setval('public.pinyins_id_seq', 151, true);


--
-- Name: scores_id_seq; Type: SEQUENCE SET; Schema: public; Owner: susanazamora
--

SELECT pg_catalog.setval('public.scores_id_seq', 1, false);


--
-- Name: users_id_seq; Type: SEQUENCE SET; Schema: public; Owner: susanazamora
--

SELECT pg_catalog.setval('public.users_id_seq', 1, false);


--
-- Name: words_id_seq; Type: SEQUENCE SET; Schema: public; Owner: susanazamora
--

SELECT pg_catalog.setval('public.words_id_seq', 156, true);


--
-- Name: activities activities_pkey; Type: CONSTRAINT; Schema: public; Owner: susanazamora
--

ALTER TABLE ONLY public.activities
    ADD CONSTRAINT activities_pkey PRIMARY KEY (id);


--
-- Name: ar_internal_metadata ar_internal_metadata_pkey; Type: CONSTRAINT; Schema: public; Owner: susanazamora
--

ALTER TABLE ONLY public.ar_internal_metadata
    ADD CONSTRAINT ar_internal_metadata_pkey PRIMARY KEY (key);


--
-- Name: meanings meanings_pkey; Type: CONSTRAINT; Schema: public; Owner: susanazamora
--

ALTER TABLE ONLY public.meanings
    ADD CONSTRAINT meanings_pkey PRIMARY KEY (id);


--
-- Name: pinyins pinyins_pkey; Type: CONSTRAINT; Schema: public; Owner: susanazamora
--

ALTER TABLE ONLY public.pinyins
    ADD CONSTRAINT pinyins_pkey PRIMARY KEY (id);


--
-- Name: schema_migrations schema_migrations_pkey; Type: CONSTRAINT; Schema: public; Owner: susanazamora
--

ALTER TABLE ONLY public.schema_migrations
    ADD CONSTRAINT schema_migrations_pkey PRIMARY KEY (version);


--
-- Name: scores scores_pkey; Type: CONSTRAINT; Schema: public; Owner: susanazamora
--

ALTER TABLE ONLY public.scores
    ADD CONSTRAINT scores_pkey PRIMARY KEY (id);


--
-- Name: users users_pkey; Type: CONSTRAINT; Schema: public; Owner: susanazamora
--

ALTER TABLE ONLY public.users
    ADD CONSTRAINT users_pkey PRIMARY KEY (id);


--
-- Name: words words_pkey; Type: CONSTRAINT; Schema: public; Owner: susanazamora
--

ALTER TABLE ONLY public.words
    ADD CONSTRAINT words_pkey PRIMARY KEY (id);


--
-- Name: index_meanings_on_word_id; Type: INDEX; Schema: public; Owner: susanazamora
--

CREATE INDEX index_meanings_on_word_id ON public.meanings USING btree (word_id);


--
-- Name: index_pinyins_on_word_id; Type: INDEX; Schema: public; Owner: susanazamora
--

CREATE INDEX index_pinyins_on_word_id ON public.pinyins USING btree (word_id);


--
-- Name: index_scores_on_activities_id; Type: INDEX; Schema: public; Owner: susanazamora
--

CREATE INDEX index_scores_on_activities_id ON public.scores USING btree (activities_id);


--
-- Name: index_scores_on_user_id; Type: INDEX; Schema: public; Owner: susanazamora
--

CREATE INDEX index_scores_on_user_id ON public.scores USING btree (user_id);


--
-- Name: index_users_on_email; Type: INDEX; Schema: public; Owner: susanazamora
--

CREATE UNIQUE INDEX index_users_on_email ON public.users USING btree (email);


--
-- Name: index_users_on_reset_password_token; Type: INDEX; Schema: public; Owner: susanazamora
--

CREATE UNIQUE INDEX index_users_on_reset_password_token ON public.users USING btree (reset_password_token);


--
-- Name: meanings fk_rails_2ed62f9dd2; Type: FK CONSTRAINT; Schema: public; Owner: susanazamora
--

ALTER TABLE ONLY public.meanings
    ADD CONSTRAINT fk_rails_2ed62f9dd2 FOREIGN KEY (word_id) REFERENCES public.words(id);


--
-- Name: pinyins fk_rails_3b4054f0da; Type: FK CONSTRAINT; Schema: public; Owner: susanazamora
--

ALTER TABLE ONLY public.pinyins
    ADD CONSTRAINT fk_rails_3b4054f0da FOREIGN KEY (word_id) REFERENCES public.words(id);


--
-- Name: scores fk_rails_6d08b919a9; Type: FK CONSTRAINT; Schema: public; Owner: susanazamora
--

ALTER TABLE ONLY public.scores
    ADD CONSTRAINT fk_rails_6d08b919a9 FOREIGN KEY (activities_id) REFERENCES public.activities(id);


--
-- Name: scores fk_rails_f5dcd5d06f; Type: FK CONSTRAINT; Schema: public; Owner: susanazamora
--

ALTER TABLE ONLY public.scores
    ADD CONSTRAINT fk_rails_f5dcd5d06f FOREIGN KEY (user_id) REFERENCES public.users(id);


--
-- PostgreSQL database dump complete
--

